"Name","Unemployment Rate "
"Description","Individuals 16 years and older actively seeking employment who are unemployed."
"Source Notes","U.S. Census Bureau, American Community Survey 1-Year Estimates, Table C23001 (2005-2013), Table S2301 (2014-2017);&nbsp; retrieved from American FactFinder; <a href=""http://factfinder2.census.gov/"" target=""_blank"">http://factfinder2.census.gov/</a>."
"Notes","The unemployment rates reported here are different than the official unemployment rates reported quarterly by the U.S. Bureau of Labor Statistics."

Location,TimeFrame,DataFormat,Data,Fips
New York City,2005,Percent,0.084,3651000
New York City,2006,Percent,0.07798,3651000
New York City,2007,Percent,0.07072,3651000
New York City,2008,Percent,0.0722,3651000
New York City,2009,Percent,0.10211,3651000
New York City,2010,Percent,0.11204,3651000
New York City,2011,Percent,0.11226,3651000
New York City,2012,Percent,0.10635,3651000
New York City,2013,Percent,0.09809,3651000
New York City,2014,Percent,0.083,3651000
New York City,2015,Percent,0.074,3651000
New York City,2017,Percent,0.064,3651000
New York City,2016,Percent,0.068,3651000
Manhattan,2017,Percent,0.054,36061
Manhattan,2016,Percent,0.055,36061
Manhattan,2015,Percent,0.061,36061
Manhattan,2014,Percent,0.066,36061
Manhattan,2013,Percent,0.07493,36061
Manhattan,2012,Percent,0.08816,36061
Manhattan,2011,Percent,0.08969,36061
Manhattan,2010,Percent,0.09173,36061
Manhattan,2009,Percent,0.09691,36061
Manhattan,2008,Percent,0.06664,36061
Manhattan,2007,Percent,0.06791,36061
Manhattan,2005,Percent,0.07,36061
Manhattan,2006,Percent,0.06751,36061
Battery Park/Tribeca,2005,Percent,0.033,101
Battery Park/Tribeca,2006,Percent,0.04774,101
Battery Park/Tribeca,2008,Percent,0.03217,101
Battery Park/Tribeca,2007,Percent,0.03292,101
Battery Park/Tribeca,2009,Percent,0.07583,101
Battery Park/Tribeca,2010,Percent,0.06084,101
Battery Park/Tribeca,2011,Percent,0.04824,101
Battery Park/Tribeca,2012,Percent,0.04632,101
Battery Park/Tribeca,2013,Percent,0.042,101
Battery Park/Tribeca,2015,Percent,0.042,101
Battery Park/Tribeca,2014,Percent,0.044,101
Battery Park/Tribeca,2016,Percent,0.039,101
Battery Park/Tribeca,2017,Percent,0.026,101
Greenwich Village,2017,Percent,0.026,102
Greenwich Village,2016,Percent,0.039,102
Greenwich Village,2014,Percent,0.044,102
Greenwich Village,2015,Percent,0.042,102
Greenwich Village,2013,Percent,0.042,102
Greenwich Village,2012,Percent,0.04632,102
Greenwich Village,2011,Percent,0.04824,102
Greenwich Village,2010,Percent,0.06084,102
Greenwich Village,2009,Percent,0.07583,102
Greenwich Village,2007,Percent,0.03292,102
Greenwich Village,2008,Percent,0.03217,102
Greenwich Village,2006,Percent,0.04774,102
Greenwich Village,2005,Percent,0.033,102
Lower East Side,2005,Percent,0.088,103
Lower East Side,2006,Percent,0.07519,103
Lower East Side,2008,Percent,0.10115,103
Lower East Side,2007,Percent,0.08412,103
Lower East Side,2009,Percent,0.09279,103
Lower East Side,2010,Percent,0.10102,103
Lower East Side,2011,Percent,0.06741,103
Lower East Side,2012,Percent,0.091,103
Lower East Side,2013,Percent,0.10817,103
Lower East Side,2014,Percent,0.067,103
Lower East Side,2016,Percent,0.056,103
Lower East Side,2015,Percent,0.065,103
Lower East Side,2017,Percent,0.063,103
Chelsea/Clinton,2017,Percent,0.048,104
Chelsea/Clinton,2016,Percent,0.033,104
Chelsea/Clinton,2014,Percent,0.051,104
Chelsea/Clinton,2015,Percent,0.048,104
Chelsea/Clinton,2013,Percent,0.0645,104
Chelsea/Clinton,2012,Percent,0.07245,104
Chelsea/Clinton,2011,Percent,0.0818,104
Chelsea/Clinton,2010,Percent,0.08291,104
Chelsea/Clinton,2009,Percent,0.09495,104
Chelsea/Clinton,2007,Percent,0.05313,104
Chelsea/Clinton,2008,Percent,0.0684,104
Chelsea/Clinton,2006,Percent,0.05488,104
Chelsea/Clinton,2005,Percent,0.066,104
Midtown Business District,2005,Percent,0.066,105
Midtown Business District,2006,Percent,0.05488,105
Midtown Business District,2008,Percent,0.0684,105
Midtown Business District,2007,Percent,0.05313,105
Midtown Business District,2009,Percent,0.09495,105
Midtown Business District,2010,Percent,0.08291,105
Midtown Business District,2011,Percent,0.0818,105
Midtown Business District,2012,Percent,0.07245,105
Midtown Business District,2013,Percent,0.0645,105
Midtown Business District,2015,Percent,0.048,105
Midtown Business District,2014,Percent,0.051,105
Midtown Business District,2016,Percent,0.033,105
Midtown Business District,2017,Percent,0.048,105
Murray Hill/Stuyvesant,2017,Percent,0.039,106
Murray Hill/Stuyvesant,2016,Percent,0.033,106
Murray Hill/Stuyvesant,2014,Percent,0.041,106
Murray Hill/Stuyvesant,2015,Percent,0.037,106
Murray Hill/Stuyvesant,2013,Percent,0.03095,106
Murray Hill/Stuyvesant,2012,Percent,0.05523,106
Murray Hill/Stuyvesant,2011,Percent,0.069,106
Murray Hill/Stuyvesant,2010,Percent,0.06533,106
Murray Hill/Stuyvesant,2009,Percent,0.09009,106
Murray Hill/Stuyvesant,2007,Percent,0.04504,106
Murray Hill/Stuyvesant,2008,Percent,0.04422,106
Murray Hill/Stuyvesant,2006,Percent,0.04782,106
Murray Hill/Stuyvesant,2005,Percent,0.041,106
Upper West Side,2006,Percent,0.04525,107
Upper West Side,2005,Percent,0.055,107
Upper West Side,2008,Percent,0.04383,107
Upper West Side,2007,Percent,0.04542,107
Upper West Side,2009,Percent,0.06634,107
Upper West Side,2010,Percent,0.07463,107
Upper West Side,2011,Percent,0.06432,107
Upper West Side,2012,Percent,0.06796,107
Upper West Side,2013,Percent,0.06647,107
Upper West Side,2015,Percent,0.037,107
Upper West Side,2014,Percent,0.044,107
Upper West Side,2016,Percent,0.052,107
Upper West Side,2017,Percent,0.048,107
Upper East Side,2017,Percent,0.021,108
Upper East Side,2016,Percent,0.034,108
Upper East Side,2014,Percent,0.03,108
Upper East Side,2015,Percent,0.028,108
Upper East Side,2013,Percent,0.03452,108
Upper East Side,2012,Percent,0.0599,108
Upper East Side,2011,Percent,0.05829,108
Upper East Side,2010,Percent,0.05975,108
Upper East Side,2009,Percent,0.06251,108
Upper East Side,2007,Percent,0.03419,108
Upper East Side,2008,Percent,0.0314,108
Upper East Side,2005,Percent,0.045,108
Upper East Side,2006,Percent,0.03513,108
Manhattanville,2006,Percent,0.08115,109
Manhattanville,2007,Percent,0.06945,109
Manhattanville,2008,Percent,0.05279,109
Manhattanville,2009,Percent,0.09562,109
Manhattanville,2010,Percent,0.09441,109
Manhattanville,2011,Percent,0.10605,109
Manhattanville,2012,Percent,0.11692,109
Manhattanville,2013,Percent,0.07819,109
Manhattanville,2015,Percent,0.076,109
Manhattanville,2014,Percent,0.075,109
Manhattanville,2016,Percent,0.074,109
Manhattanville,2017,Percent,0.057,109
Central Harlem,2017,Percent,0.082,110
Central Harlem,2016,Percent,0.081,110
Central Harlem,2014,Percent,0.13,110
Central Harlem,2015,Percent,0.116,110
Central Harlem,2013,Percent,0.10718,110
Central Harlem,2012,Percent,0.13494,110
Central Harlem,2011,Percent,0.15441,110
Central Harlem,2010,Percent,0.15885,110
Central Harlem,2009,Percent,0.13072,110
Central Harlem,2008,Percent,0.08888,110
Central Harlem,2007,Percent,0.1281,110
Central Harlem,2006,Percent,0.1343,110
East Harlem,2006,Percent,0.10622,111
East Harlem,2007,Percent,0.12891,111
East Harlem,2005,Percent,0.098,111
East Harlem,2008,Percent,0.12928,111
East Harlem,2009,Percent,0.16207,111
East Harlem,2010,Percent,0.14768,111
East Harlem,2011,Percent,0.13531,111
East Harlem,2012,Percent,0.08559,111
East Harlem,2013,Percent,0.13351,111
East Harlem,2015,Percent,0.131,111
East Harlem,2014,Percent,0.107,111
East Harlem,2016,Percent,0.073,111
East Harlem,2017,Percent,0.089,111
Washington Heights,2017,Percent,0.087,112
Washington Heights,2016,Percent,0.09,112
Washington Heights,2014,Percent,0.117,112
Washington Heights,2015,Percent,0.089,112
Washington Heights,2013,Percent,0.13584,112
Washington Heights,2012,Percent,0.1712,112
Washington Heights,2011,Percent,0.16148,112
Washington Heights,2010,Percent,0.13666,112
Washington Heights,2009,Percent,0.15805,112
Washington Heights,2008,Percent,0.11891,112
Washington Heights,2005,Percent,0.115,112
Washington Heights,2007,Percent,0.12185,112
Washington Heights,2006,Percent,0.11363,112
Bronx,2007,Percent,0.10058,36005
Bronx,2005,Percent,0.11,36005
Bronx,2006,Percent,0.11771,36005
Bronx,2008,Percent,0.09034,36005
Bronx,2009,Percent,0.13326,36005
Bronx,2010,Percent,0.1578,36005
Bronx,2011,Percent,0.16316,36005
Bronx,2012,Percent,0.15501,36005
Bronx,2013,Percent,0.14597,36005
Bronx,2014,Percent,0.119,36005
Bronx,2015,Percent,0.107,36005
Bronx,2016,Percent,0.1,36005
Bronx,2017,Percent,0.109,36005
Mott Haven,2016,Percent,0.106,201
Mott Haven,2015,Percent,0.114,201
Mott Haven,2017,Percent,0.135,201
Mott Haven,2014,Percent,0.11,201
Mott Haven,2013,Percent,0.12273,201
Mott Haven,2012,Percent,0.15967,201
Mott Haven,2011,Percent,0.19975,201
Mott Haven,2010,Percent,0.19058,201
Mott Haven,2009,Percent,0.18754,201
Mott Haven,2008,Percent,0.08679,201
Mott Haven,2005,Percent,0.176,201
Mott Haven,2007,Percent,0.13194,201
Mott Haven,2006,Percent,0.14938,201
Hunts Point,2006,Percent,0.14938,202
Hunts Point,2007,Percent,0.13194,202
Hunts Point,2005,Percent,0.176,202
Hunts Point,2008,Percent,0.08679,202
Hunts Point,2009,Percent,0.18754,202
Hunts Point,2010,Percent,0.19058,202
Hunts Point,2011,Percent,0.19975,202
Hunts Point,2012,Percent,0.15967,202
Hunts Point,2013,Percent,0.12273,202
Hunts Point,2014,Percent,0.11,202
Hunts Point,2017,Percent,0.135,202
Hunts Point,2015,Percent,0.114,202
Hunts Point,2016,Percent,0.106,202
Morrisania,2016,Percent,0.116,203
Morrisania,2015,Percent,0.157,203
Morrisania,2017,Percent,0.145,203
Morrisania,2014,Percent,0.139,203
Morrisania,2013,Percent,0.17785,203
Morrisania,2012,Percent,0.20878,203
Morrisania,2011,Percent,0.20963,203
Morrisania,2010,Percent,0.17093,203
Morrisania,2009,Percent,0.13319,203
Morrisania,2008,Percent,0.1248,203
Morrisania,2005,Percent,0.165,203
Morrisania,2006,Percent,0.13087,203
Morrisania,2007,Percent,0.13027,203
Concourse/Highbridge,2007,Percent,0.11209,204
Concourse/Highbridge,2006,Percent,0.13857,204
Concourse/Highbridge,2005,Percent,0.112,204
Concourse/Highbridge,2008,Percent,0.08859,204
Concourse/Highbridge,2009,Percent,0.14458,204
Concourse/Highbridge,2010,Percent,0.15755,204
Concourse/Highbridge,2011,Percent,0.19195,204
Concourse/Highbridge,2012,Percent,0.18183,204
Concourse/Highbridge,2013,Percent,0.14862,204
Concourse/Highbridge,2014,Percent,0.109,204
Concourse/Highbridge,2017,Percent,0.125,204
Concourse/Highbridge,2015,Percent,0.068,204
Concourse/Highbridge,2016,Percent,0.116,204
University Heights,2016,Percent,0.127,205
University Heights,2015,Percent,0.078,205
University Heights,2017,Percent,0.16,205
University Heights,2014,Percent,0.121,205
University Heights,2013,Percent,0.15686,205
University Heights,2012,Percent,0.17936,205
University Heights,2011,Percent,0.20162,205
University Heights,2010,Percent,0.23586,205
University Heights,2009,Percent,0.19445,205
University Heights,2008,Percent,0.14852,205
University Heights,2005,Percent,0.11,205
University Heights,2006,Percent,0.15177,205
University Heights,2007,Percent,0.16144,205
East Tremont,2007,Percent,0.13027,206
East Tremont,2005,Percent,0.165,206
East Tremont,2006,Percent,0.13087,206
East Tremont,2008,Percent,0.1248,206
East Tremont,2009,Percent,0.13319,206
East Tremont,2010,Percent,0.17093,206
East Tremont,2011,Percent,0.20963,206
East Tremont,2012,Percent,0.20878,206
East Tremont,2013,Percent,0.17785,206
East Tremont,2014,Percent,0.139,206
East Tremont,2017,Percent,0.145,206
East Tremont,2015,Percent,0.157,206
East Tremont,2016,Percent,0.116,206
Bedford Park,2016,Percent,0.107,207
Bedford Park,2015,Percent,0.15,207
Bedford Park,2017,Percent,0.107,207
Bedford Park,2014,Percent,0.135,207
Bedford Park,2013,Percent,0.17795,207
Bedford Park,2012,Percent,0.14453,207
Bedford Park,2011,Percent,0.16698,207
Bedford Park,2010,Percent,0.17634,207
Bedford Park,2009,Percent,0.12698,207
Bedford Park,2008,Percent,0.09334,207
Bedford Park,2006,Percent,0.13222,207
Bedford Park,2005,Percent,0.097,207
Bedford Park,2007,Percent,0.09899,207
Riverdale,2007,Percent,0.07847,208
Riverdale,2006,Percent,0.1225,208
Riverdale,2005,Percent,0.072,208
Riverdale,2008,Percent,0.06466,208
Riverdale,2009,Percent,0.09323,208
Riverdale,2010,Percent,0.13958,208
Riverdale,2011,Percent,0.12312,208
Riverdale,2012,Percent,0.09946,208
Riverdale,2013,Percent,0.11892,208
Riverdale,2014,Percent,0.098,208
Riverdale,2017,Percent,0.082,208
Riverdale,2015,Percent,0.074,208
Riverdale,2016,Percent,0.066,208
Unionport/Soundview,2016,Percent,0.096,209
Unionport/Soundview,2015,Percent,0.118,209
Unionport/Soundview,2017,Percent,0.085,209
Unionport/Soundview,2014,Percent,0.143,209
Unionport/Soundview,2013,Percent,0.16958,209
Unionport/Soundview,2012,Percent,0.13882,209
Unionport/Soundview,2011,Percent,0.11529,209
Unionport/Soundview,2010,Percent,0.11228,209
Unionport/Soundview,2009,Percent,0.11855,209
Unionport/Soundview,2008,Percent,0.07297,209
Unionport/Soundview,2005,Percent,0.109,209
Unionport/Soundview,2007,Percent,0.07535,209
Unionport/Soundview,2006,Percent,0.08445,209
Throgs Neck,2007,Percent,0.05675,210
Throgs Neck,2006,Percent,0.09165,210
Throgs Neck,2008,Percent,0.07788,210
Throgs Neck,2009,Percent,0.10419,210
Throgs Neck,2010,Percent,0.10788,210
Throgs Neck,2011,Percent,0.1219,210
Throgs Neck,2012,Percent,0.1163,210
Throgs Neck,2013,Percent,0.0887,210
Throgs Neck,2014,Percent,0.074,210
Throgs Neck,2017,Percent,0.077,210
Throgs Neck,2015,Percent,0.072,210
Throgs Neck,2016,Percent,0.084,210
Pelham Parkway,2016,Percent,0.085,211
Pelham Parkway,2015,Percent,0.121,211
Pelham Parkway,2017,Percent,0.099,211
Pelham Parkway,2014,Percent,0.105,211
Pelham Parkway,2013,Percent,0.13249,211
Pelham Parkway,2012,Percent,0.15845,211
Pelham Parkway,2011,Percent,0.14715,211
Pelham Parkway,2010,Percent,0.1385,211
Pelham Parkway,2009,Percent,0.08588,211
Pelham Parkway,2008,Percent,0.06349,211
Pelham Parkway,2006,Percent,0.08163,211
Pelham Parkway,2005,Percent,0.095,211
Pelham Parkway,2007,Percent,0.08376,211
Williamsbridge,2007,Percent,0.08814,212
Williamsbridge,2005,Percent,0.113,212
Williamsbridge,2006,Percent,0.11047,212
Williamsbridge,2008,Percent,0.08946,212
Williamsbridge,2009,Percent,0.13803,212
Williamsbridge,2010,Percent,0.15876,212
Williamsbridge,2011,Percent,0.15971,212
Williamsbridge,2012,Percent,0.15685,212
Williamsbridge,2013,Percent,0.14543,212
Williamsbridge,2014,Percent,0.136,212
Williamsbridge,2017,Percent,0.072,212
Williamsbridge,2015,Percent,0.106,212
Williamsbridge,2016,Percent,0.092,212
Brooklyn,2016,Percent,0.071,36047
Brooklyn,2015,Percent,0.076,36047
Brooklyn,2014,Percent,0.086,36047
Brooklyn,2013,Percent,0.10398,36047
Brooklyn,2012,Percent,0.11122,36047
Brooklyn,2011,Percent,0.1202,36047
Brooklyn,2010,Percent,0.1088,36047
Brooklyn,2009,Percent,0.09994,36047
Brooklyn,2008,Percent,0.07249,36047
Brooklyn,2006,Percent,0.07385,36047
Brooklyn,2005,Percent,0.091,36047
Brooklyn,2007,Percent,0.06668,36047
Brooklyn,2017,Percent,0.064,36047
Williamsburg/Greenpoint,2006,Percent,0.06128,301
Williamsburg/Greenpoint,2005,Percent,0.066,301
Williamsburg/Greenpoint,2007,Percent,0.05147,301
Williamsburg/Greenpoint,2008,Percent,0.04205,301
Williamsburg/Greenpoint,2009,Percent,0.06205,301
Williamsburg/Greenpoint,2010,Percent,0.08216,301
Williamsburg/Greenpoint,2011,Percent,0.08663,301
Williamsburg/Greenpoint,2012,Percent,0.06122,301
Williamsburg/Greenpoint,2013,Percent,0.06466,301
Williamsburg/Greenpoint,2017,Percent,0.055,301
Williamsburg/Greenpoint,2014,Percent,0.064,301
Williamsburg/Greenpoint,2015,Percent,0.052,301
Williamsburg/Greenpoint,2016,Percent,0.061,301
Fort Greene/Brooklyn Hts,2016,Percent,0.063,302
Fort Greene/Brooklyn Hts,2015,Percent,0.071,302
Fort Greene/Brooklyn Hts,2014,Percent,0.085,302
Fort Greene/Brooklyn Hts,2017,Percent,0.056,302
Fort Greene/Brooklyn Hts,2013,Percent,0.09038,302
Fort Greene/Brooklyn Hts,2012,Percent,0.08524,302
Fort Greene/Brooklyn Hts,2011,Percent,0.11769,302
Fort Greene/Brooklyn Hts,2010,Percent,0.1038,302
Fort Greene/Brooklyn Hts,2009,Percent,0.09646,302
Fort Greene/Brooklyn Hts,2008,Percent,0.07595,302
Fort Greene/Brooklyn Hts,2007,Percent,0.06561,302
Fort Greene/Brooklyn Hts,2005,Percent,0.089,302
Fort Greene/Brooklyn Hts,2006,Percent,0.06792,302
Bedford Stuyvesant,2006,Percent,0.12788,303
Bedford Stuyvesant,2005,Percent,0.139,303
Bedford Stuyvesant,2007,Percent,0.08849,303
Bedford Stuyvesant,2008,Percent,0.08244,303
Bedford Stuyvesant,2009,Percent,0.11367,303
Bedford Stuyvesant,2010,Percent,0.12857,303
Bedford Stuyvesant,2011,Percent,0.18523,303
Bedford Stuyvesant,2012,Percent,0.15589,303
Bedford Stuyvesant,2013,Percent,0.15493,303
Bedford Stuyvesant,2014,Percent,0.125,303
Bedford Stuyvesant,2015,Percent,0.12,303
Bedford Stuyvesant,2016,Percent,0.085,303
Bedford Stuyvesant,2017,Percent,0.047,303
Bushwick,2016,Percent,0.074,304
Bushwick,2015,Percent,0.085,304
Bushwick,2014,Percent,0.135,304
Bushwick,2017,Percent,0.052,304
Bushwick,2013,Percent,0.15244,304
Bushwick,2012,Percent,0.17453,304
Bushwick,2011,Percent,0.14682,304
Bushwick,2010,Percent,0.10216,304
Bushwick,2009,Percent,0.10368,304
Bushwick,2008,Percent,0.06167,304
Bushwick,2007,Percent,0.08002,304
Bushwick,2005,Percent,0.127,304
Bushwick,2006,Percent,0.07097,304
East New York,2006,Percent,0.07237,305
East New York,2005,Percent,0.111,305
East New York,2007,Percent,0.06304,305
East New York,2008,Percent,0.08216,305
East New York,2009,Percent,0.11462,305
East New York,2010,Percent,0.12304,305
East New York,2011,Percent,0.13117,305
East New York,2012,Percent,0.15301,305
East New York,2013,Percent,0.12661,305
East New York,2014,Percent,0.084,305
East New York,2015,Percent,0.065,305
East New York,2016,Percent,0.08,305
East New York,2017,Percent,0.09,305
Park Slope,2016,Percent,0.054,306
Park Slope,2015,Percent,0.046,306
Park Slope,2014,Percent,0.068,306
Park Slope,2017,Percent,0.042,306
Park Slope,2013,Percent,0.04726,306
Park Slope,2012,Percent,0.07414,306
Park Slope,2011,Percent,0.08516,306
Park Slope,2010,Percent,0.07892,306
Park Slope,2009,Percent,0.08646,306
Park Slope,2008,Percent,0.05034,306
Park Slope,2007,Percent,0.05483,306
Park Slope,2005,Percent,0.058,306
Park Slope,2006,Percent,0.05138,306
Sunset Park,2006,Percent,0.04403,307
Sunset Park,2005,Percent,0.083,307
Sunset Park,2007,Percent,0.05412,307
Sunset Park,2008,Percent,0.05508,307
Sunset Park,2010,Percent,0.12871,307
Sunset Park,2009,Percent,0.11226,307
Sunset Park,2011,Percent,0.08533,307
Sunset Park,2012,Percent,0.10468,307
Sunset Park,2013,Percent,0.10631,307
Sunset Park,2014,Percent,0.065,307
Sunset Park,2015,Percent,0.059,307
Sunset Park,2016,Percent,0.053,307
Sunset Park,2017,Percent,0.067,307
Crown Heights North,2016,Percent,0.068,308
Crown Heights North,2015,Percent,0.063,308
Crown Heights North,2014,Percent,0.081,308
Crown Heights North,2017,Percent,0.068,308
Crown Heights North,2013,Percent,0.08853,308
Crown Heights North,2012,Percent,0.12731,308
Crown Heights North,2011,Percent,0.14405,308
Crown Heights North,2010,Percent,0.10122,308
Crown Heights North,2008,Percent,0.08384,308
Crown Heights North,2009,Percent,0.10834,308
Crown Heights North,2007,Percent,0.09357,308
Crown Heights North,2005,Percent,0.103,308
Crown Heights North,2006,Percent,0.12743,308
Crown Heights South,2006,Percent,0.11312,309
Crown Heights South,2005,Percent,0.13,309
Crown Heights South,2007,Percent,0.10517,309
Crown Heights South,2008,Percent,0.10797,309
Crown Heights South,2009,Percent,0.13301,309
Crown Heights South,2011,Percent,0.17375,309
Crown Heights South,2010,Percent,0.20201,309
Crown Heights South,2012,Percent,0.13243,309
Crown Heights South,2013,Percent,0.14248,309
Crown Heights South,2014,Percent,0.107,309
Crown Heights South,2015,Percent,0.094,309
Crown Heights South,2016,Percent,0.079,309
Crown Heights South,2017,Percent,0.078,309
Bay Ridge,2017,Percent,0.047,310
Bay Ridge,2016,Percent,0.068,310
Bay Ridge,2015,Percent,0.077,310
Bay Ridge,2014,Percent,0.074,310
Bay Ridge,2013,Percent,0.09451,310
Bay Ridge,2012,Percent,0.0824,310
Bay Ridge,2011,Percent,0.09838,310
Bay Ridge,2009,Percent,0.106,310
Bay Ridge,2010,Percent,0.09176,310
Bay Ridge,2008,Percent,0.04966,310
Bay Ridge,2007,Percent,0.04748,310
Bay Ridge,2005,Percent,0.09,310
Bay Ridge,2006,Percent,0.08182,310
Bensonhurst,2006,Percent,0.0488,311
Bensonhurst,2005,Percent,0.061,311
Bensonhurst,2007,Percent,0.05266,311
Bensonhurst,2008,Percent,0.07524,311
Bensonhurst,2010,Percent,0.08596,311
Bensonhurst,2009,Percent,0.09838,311
Bensonhurst,2011,Percent,0.1034,311
Bensonhurst,2012,Percent,0.11162,311
Bensonhurst,2013,Percent,0.09394,311
Bensonhurst,2014,Percent,0.088,311
Bensonhurst,2015,Percent,0.073,311
Bensonhurst,2016,Percent,0.061,311
Bensonhurst,2017,Percent,0.061,311
Borough Park,2017,Percent,0.052,312
Borough Park,2016,Percent,0.051,312
Borough Park,2015,Percent,0.059,312
Borough Park,2014,Percent,0.05,312
Borough Park,2013,Percent,0.07162,312
Borough Park,2012,Percent,0.06908,312
Borough Park,2011,Percent,0.07714,312
Borough Park,2009,Percent,0.09781,312
Borough Park,2010,Percent,0.08162,312
Borough Park,2008,Percent,0.07627,312
Borough Park,2007,Percent,0.06738,312
Borough Park,2005,Percent,0.093,312
Borough Park,2006,Percent,0.06134,312
Coney Island,2006,Percent,0.04934,313
Coney Island,2005,Percent,0.066,313
Coney Island,2007,Percent,0.06113,313
Coney Island,2008,Percent,0.08297,313
Coney Island,2010,Percent,0.14449,313
Coney Island,2009,Percent,0.09552,313
Coney Island,2011,Percent,0.12819,313
Coney Island,2012,Percent,0.11764,313
Coney Island,2013,Percent,0.12693,313
Coney Island,2014,Percent,0.09,313
Coney Island,2015,Percent,0.13,313
Coney Island,2016,Percent,0.095,313
Coney Island,2017,Percent,0.061,313
Flatbush/Midwood,2017,Percent,0.062,314
Flatbush/Midwood,2016,Percent,0.064,314
Flatbush/Midwood,2015,Percent,0.073,314
Flatbush/Midwood,2014,Percent,0.088,314
Flatbush/Midwood,2013,Percent,0.10125,314
Flatbush/Midwood,2012,Percent,0.09919,314
Flatbush/Midwood,2011,Percent,0.11151,314
Flatbush/Midwood,2009,Percent,0.10467,314
Flatbush/Midwood,2010,Percent,0.11135,314
Flatbush/Midwood,2008,Percent,0.05591,314
Flatbush/Midwood,2007,Percent,0.04946,314
Flatbush/Midwood,2005,Percent,0.085,314
Flatbush/Midwood,2006,Percent,0.0738,314
Sheepshead Bay,2006,Percent,0.05103,315
Sheepshead Bay,2005,Percent,0.079,315
Sheepshead Bay,2007,Percent,0.05592,315
Sheepshead Bay,2008,Percent,0.04866,315
Sheepshead Bay,2010,Percent,0.09021,315
Sheepshead Bay,2009,Percent,0.07587,315
Sheepshead Bay,2011,Percent,0.08971,315
Sheepshead Bay,2012,Percent,0.10758,315
Sheepshead Bay,2013,Percent,0.08337,315
Sheepshead Bay,2014,Percent,0.072,315
Sheepshead Bay,2015,Percent,0.076,315
Sheepshead Bay,2016,Percent,0.075,315
Sheepshead Bay,2017,Percent,0.052,315
Brownsville,2016,Percent,0.14,316
Brownsville,2015,Percent,0.138,316
Brownsville,2014,Percent,0.107,316
Brownsville,2017,Percent,0.207,316
Brownsville,2013,Percent,0.15715,316
Brownsville,2012,Percent,0.12709,316
Brownsville,2011,Percent,0.18836,316
Brownsville,2010,Percent,0.15592,316
Brownsville,2008,Percent,0.1585,316
Brownsville,2009,Percent,0.12304,316
Brownsville,2007,Percent,0.1157,316
Brownsville,2005,Percent,0.139,316
Brownsville,2006,Percent,0.13104,316
East Flatbush,2006,Percent,0.08351,317
East Flatbush,2005,Percent,0.091,317
East Flatbush,2007,Percent,0.09757,317
East Flatbush,2008,Percent,0.07735,317
East Flatbush,2010,Percent,0.12766,317
East Flatbush,2009,Percent,0.11919,317
East Flatbush,2011,Percent,0.13446,317
East Flatbush,2012,Percent,0.12209,317
East Flatbush,2013,Percent,0.11312,317
East Flatbush,2014,Percent,0.087,317
East Flatbush,2015,Percent,0.08,317
East Flatbush,2016,Percent,0.072,317
East Flatbush,2017,Percent,0.059,317
Canarsie,2017,Percent,0.053,318
Canarsie,2016,Percent,0.068,318
Canarsie,2015,Percent,0.062,318
Canarsie,2014,Percent,0.084,318
Canarsie,2013,Percent,0.09377,318
Canarsie,2012,Percent,0.11431,318
Canarsie,2011,Percent,0.12344,318
Canarsie,2010,Percent,0.08294,318
Canarsie,2008,Percent,0.07077,318
Canarsie,2009,Percent,0.07377,318
Canarsie,2007,Percent,0.03999,318
Canarsie,2005,Percent,0.08,318
Canarsie,2006,Percent,0.05522,318
Queens,2007,Percent,0.06627,36081
Queens,2005,Percent,0.078,36081
Queens,2006,Percent,0.075,36081
Queens,2008,Percent,0.07045,36081
Queens,2009,Percent,0.09859,36081
Queens,2010,Percent,0.11104,36081
Queens,2011,Percent,0.09965,36081
Queens,2013,Percent,0.08904,36081
Queens,2012,Percent,0.09609,36081
Queens,2014,Percent,0.077,36081
Queens,2015,Percent,0.068,36081
Queens,2016,Percent,0.06,36081
Queens,2017,Percent,0.052,36081
Astoria,2017,Percent,0.046,401
Astoria,2014,Percent,0.09,401
Astoria,2015,Percent,0.061,401
Astoria,2016,Percent,0.056,401
Astoria,2013,Percent,0.09626,401
Astoria,2012,Percent,0.07828,401
Astoria,2011,Percent,0.10915,401
Astoria,2009,Percent,0.10498,401
Astoria,2010,Percent,0.13004,401
Astoria,2008,Percent,0.06404,401
Astoria,2007,Percent,0.06392,401
Astoria,2005,Percent,0.075,401
Astoria,2006,Percent,0.1012,401
Sunnyside/Woodside,2006,Percent,0.08694,402
Sunnyside/Woodside,2005,Percent,0.078,402
Sunnyside/Woodside,2007,Percent,0.05253,402
Sunnyside/Woodside,2008,Percent,0.05974,402
Sunnyside/Woodside,2009,Percent,0.0633,402
Sunnyside/Woodside,2011,Percent,0.07245,402
Sunnyside/Woodside,2010,Percent,0.07414,402
Sunnyside/Woodside,2012,Percent,0.07407,402
Sunnyside/Woodside,2013,Percent,0.05741,402
Sunnyside/Woodside,2016,Percent,0.035,402
Sunnyside/Woodside,2015,Percent,0.047,402
Sunnyside/Woodside,2014,Percent,0.053,402
Sunnyside/Woodside,2017,Percent,0.03,402
Jackson Heights,2017,Percent,0.042,403
Jackson Heights,2014,Percent,0.07,403
Jackson Heights,2015,Percent,0.05,403
Jackson Heights,2016,Percent,0.051,403
Jackson Heights,2013,Percent,0.06922,403
Jackson Heights,2012,Percent,0.08889,403
Jackson Heights,2011,Percent,0.08225,403
Jackson Heights,2009,Percent,0.09198,403
Jackson Heights,2010,Percent,0.10337,403
Jackson Heights,2008,Percent,0.06575,403
Jackson Heights,2007,Percent,0.05774,403
Jackson Heights,2005,Percent,0.096,403
Jackson Heights,2006,Percent,0.06777,403
Elmhurst/Corona,2006,Percent,0.0526,404
Elmhurst/Corona,2005,Percent,0.065,404
Elmhurst/Corona,2007,Percent,0.0554,404
Elmhurst/Corona,2008,Percent,0.06293,404
Elmhurst/Corona,2009,Percent,0.08307,404
Elmhurst/Corona,2011,Percent,0.04702,404
Elmhurst/Corona,2010,Percent,0.08456,404
Elmhurst/Corona,2012,Percent,0.0808,404
Elmhurst/Corona,2013,Percent,0.0698,404
Elmhurst/Corona,2016,Percent,0.045,404
Elmhurst/Corona,2015,Percent,0.057,404
Elmhurst/Corona,2014,Percent,0.055,404
Elmhurst/Corona,2017,Percent,0.043,404
Ridgewood/Glendale,2017,Percent,0.048,405
Ridgewood/Glendale,2014,Percent,0.07,405
Ridgewood/Glendale,2015,Percent,0.052,405
Ridgewood/Glendale,2016,Percent,0.044,405
Ridgewood/Glendale,2013,Percent,0.08206,405
Ridgewood/Glendale,2012,Percent,0.07832,405
Ridgewood/Glendale,2010,Percent,0.0795,405
Ridgewood/Glendale,2011,Percent,0.09383,405
Ridgewood/Glendale,2009,Percent,0.08021,405
Ridgewood/Glendale,2008,Percent,0.04521,405
Ridgewood/Glendale,2007,Percent,0.06301,405
Ridgewood/Glendale,2005,Percent,0.083,405
Ridgewood/Glendale,2006,Percent,0.06545,405
Rego Park/Forest Hills,2006,Percent,0.06199,406
Rego Park/Forest Hills,2005,Percent,0.057,406
Rego Park/Forest Hills,2007,Percent,0.05106,406
Rego Park/Forest Hills,2008,Percent,0.06194,406
Rego Park/Forest Hills,2009,Percent,0.08431,406
Rego Park/Forest Hills,2011,Percent,0.06153,406
Rego Park/Forest Hills,2010,Percent,0.0886,406
Rego Park/Forest Hills,2012,Percent,0.06174,406
Rego Park/Forest Hills,2013,Percent,0.06531,406
Rego Park/Forest Hills,2016,Percent,0.044,406
Rego Park/Forest Hills,2015,Percent,0.053,406
Rego Park/Forest Hills,2014,Percent,0.064,406
Rego Park/Forest Hills,2017,Percent,0.03,406
Flushing,2017,Percent,0.026,407
Flushing,2014,Percent,0.057,407
Flushing,2015,Percent,0.047,407
Flushing,2016,Percent,0.042,407
Flushing,2013,Percent,0.06918,407
Flushing,2012,Percent,0.09505,407
Flushing,2011,Percent,0.10154,407
Flushing,2009,Percent,0.1021,407
Flushing,2010,Percent,0.11568,407
Flushing,2008,Percent,0.06572,407
Flushing,2007,Percent,0.08393,407
Flushing,2005,Percent,0.075,407
Flushing,2006,Percent,0.07832,407
Fresh Meadows/Briarwood,2006,Percent,0.06408,408
Fresh Meadows/Briarwood,2005,Percent,0.065,408
Fresh Meadows/Briarwood,2007,Percent,0.07341,408
Fresh Meadows/Briarwood,2008,Percent,0.06554,408
Fresh Meadows/Briarwood,2009,Percent,0.10924,408
Fresh Meadows/Briarwood,2010,Percent,0.12723,408
Fresh Meadows/Briarwood,2012,Percent,0.09953,408
Fresh Meadows/Briarwood,2011,Percent,0.115,408
Fresh Meadows/Briarwood,2013,Percent,0.09242,408
Fresh Meadows/Briarwood,2016,Percent,0.099,408
Fresh Meadows/Briarwood,2014,Percent,0.088,408
Fresh Meadows/Briarwood,2015,Percent,0.09,408
Fresh Meadows/Briarwood,2017,Percent,0.058,408
Woodhaven,2017,Percent,0.059,409
Woodhaven,2014,Percent,0.077,409
Woodhaven,2016,Percent,0.055,409
Woodhaven,2015,Percent,0.069,409
Woodhaven,2013,Percent,0.08802,409
Woodhaven,2012,Percent,0.10194,409
Woodhaven,2010,Percent,0.13273,409
Woodhaven,2011,Percent,0.11673,409
Woodhaven,2009,Percent,0.11727,409
Woodhaven,2008,Percent,0.0944,409
Woodhaven,2007,Percent,0.07847,409
Woodhaven,2005,Percent,0.094,409
Woodhaven,2006,Percent,0.0759,409
Howard Beach,2006,Percent,0.07794,410
Howard Beach,2005,Percent,0.104,410
Howard Beach,2007,Percent,0.05824,410
Howard Beach,2008,Percent,0.09835,410
Howard Beach,2009,Percent,0.10087,410
Howard Beach,2011,Percent,0.11118,410
Howard Beach,2010,Percent,0.10155,410
Howard Beach,2012,Percent,0.11501,410
Howard Beach,2013,Percent,0.13305,410
Howard Beach,2015,Percent,0.082,410
Howard Beach,2016,Percent,0.089,410
Howard Beach,2014,Percent,0.092,410
Howard Beach,2017,Percent,0.054,410
Bayside,2017,Percent,0.049,411
Bayside,2014,Percent,0.055,411
Bayside,2016,Percent,0.027,411
Bayside,2015,Percent,0.062,411
Bayside,2013,Percent,0.06652,411
Bayside,2012,Percent,0.07934,411
Bayside,2011,Percent,0.08457,411
Bayside,2009,Percent,0.08453,411
Bayside,2010,Percent,0.09647,411
Bayside,2008,Percent,0.0512,411
Bayside,2007,Percent,0.0433,411
Bayside,2005,Percent,0.046,411
Bayside,2006,Percent,0.04387,411
Jamaica/St. Albans,2006,Percent,0.09941,412
Jamaica/St. Albans,2005,Percent,0.09,412
Jamaica/St. Albans,2007,Percent,0.09949,412
Jamaica/St. Albans,2008,Percent,0.1011,412
Jamaica/St. Albans,2009,Percent,0.14533,412
Jamaica/St. Albans,2011,Percent,0.14917,412
Jamaica/St. Albans,2010,Percent,0.15533,412
Jamaica/St. Albans,2012,Percent,0.13951,412
Jamaica/St. Albans,2013,Percent,0.14755,412
Jamaica/St. Albans,2015,Percent,0.111,412
Jamaica/St. Albans,2016,Percent,0.091,412
Jamaica/St. Albans,2014,Percent,0.126,412
Jamaica/St. Albans,2017,Percent,0.074,412
Queens Village,2017,Percent,0.075,413
Queens Village,2014,Percent,0.076,413
Queens Village,2016,Percent,0.065,413
Queens Village,2015,Percent,0.075,413
Queens Village,2013,Percent,0.09631,413
Queens Village,2012,Percent,0.10632,413
Queens Village,2011,Percent,0.09792,413
Queens Village,2009,Percent,0.08256,413
Queens Village,2010,Percent,0.1015,413
Queens Village,2008,Percent,0.07544,413
Queens Village,2007,Percent,0.065,413
Queens Village,2005,Percent,0.071,413
Queens Village,2006,Percent,0.06663,413
The Rockaways,2006,Percent,0.09076,414
The Rockaways,2005,Percent,0.08,414
The Rockaways,2007,Percent,0.04666,414
The Rockaways,2008,Percent,0.05847,414
The Rockaways,2009,Percent,0.1119,414
The Rockaways,2011,Percent,0.12478,414
The Rockaways,2010,Percent,0.14236,414
The Rockaways,2012,Percent,0.12519,414
The Rockaways,2013,Percent,0.07877,414
The Rockaways,2015,Percent,0.098,414
The Rockaways,2016,Percent,0.09,414
The Rockaways,2014,Percent,0.077,414
The Rockaways,2017,Percent,0.1,414
Staten Island,2017,Percent,0.043,36085
Staten Island,2015,Percent,0.054,36085
Staten Island,2016,Percent,0.051,36085
Staten Island,2014,Percent,0.062,36085
Staten Island,2013,Percent,0.07328,36085
Staten Island,2012,Percent,0.07171,36085
Staten Island,2011,Percent,0.0826,36085
Staten Island,2010,Percent,0.09093,36085
Staten Island,2009,Percent,0.07014,36085
Staten Island,2008,Percent,0.054,36085
Staten Island,2005,Percent,0.068,36085
Staten Island,2006,Percent,0.05371,36085
Staten Island,2007,Percent,0.04633,36085
St. George,2006,Percent,0.05652,501
St. George,2005,Percent,0.091,501
St. George,2008,Percent,0.05867,501
St. George,2007,Percent,0.06948,501
St. George,2009,Percent,0.07865,501
St. George,2010,Percent,0.10111,501
St. George,2011,Percent,0.10401,501
St. George,2012,Percent,0.07858,501
St. George,2013,Percent,0.08293,501
St. George,2017,Percent,0.039,501
St. George,2014,Percent,0.069,501
St. George,2016,Percent,0.047,501
St. George,2015,Percent,0.055,501
South Beach,2015,Percent,0.049,502
South Beach,2016,Percent,0.053,502
South Beach,2014,Percent,0.059,502
South Beach,2017,Percent,0.048,502
South Beach,2013,Percent,0.07162,502
South Beach,2012,Percent,0.06517,502
South Beach,2011,Percent,0.06628,502
South Beach,2010,Percent,0.08226,502
South Beach,2009,Percent,0.0729,502
South Beach,2007,Percent,0.03911,502
South Beach,2008,Percent,0.05176,502
South Beach,2005,Percent,0.067,502
South Beach,2006,Percent,0.07272,502
Tottenville,2006,Percent,0.03652,503
Tottenville,2005,Percent,0.044,503
Tottenville,2008,Percent,0.05097,503
Tottenville,2007,Percent,0.02719,503
Tottenville,2009,Percent,0.05958,503
Tottenville,2010,Percent,0.0873,503
Tottenville,2011,Percent,0.07481,503
Tottenville,2012,Percent,0.06977,503
Tottenville,2013,Percent,0.06494,503
Tottenville,2017,Percent,0.044,503
Tottenville,2014,Percent,0.056,503
Tottenville,2015,Percent,0.056,503
Tottenville,2016,Percent,0.052,503
